,tahun,jenis_api,Nilai Produksi,Jumlah Hari,Tanggal Berangkat,Tanggal Kedatangan,nama_ikan_id,berat
190,2018,Bouke ami,416000,80,2017-10-16T00:00:00.000,2018-01-03T00:00:00.000,Kembung Lelaki,32
822,2018,Bouke ami,2875000,83,2017-10-18T00:00:00.000,2018-01-08T00:00:00.000,Kembung Perempuan [RAB],230
947,2018,Bouke ami,2512500,92,2017-10-10T00:00:00.000,2018-01-09T00:00:00.000,Kembung Perempuan [RAB],201
1270,2018,Bouke ami,5612500,88,2017-10-17T00:00:00.000,2018-01-12T00:00:00.000,Kembung Perempuan [RAB],449
1902,2018,Jala jatuh berkapal,5950000,87,2017-10-23T00:00:00.000,2018-01-17T00:00:00.000,Kembung Perempuan [RAB],476
3734,2018,Bouke ami,500000,77,2017-11-16T00:00:00.000,2018-01-31T00:00:00.000,Kembung Lelaki,40
4573,2018,Jala jatuh berkapal,1912500,91,2017-11-09T00:00:00.000,2018-02-07T00:00:00.000,Kembung Lelaki,153
4582,2018,Bouke ami,8120000,89,2017-11-11T00:00:00.000,2018-02-07T00:00:00.000,Kembung Lelaki,203
4587,2018,Bouke ami,3075000,104,2017-10-27T00:00:00.000,2018-02-07T00:00:00.000,Kembung Lelaki,246
5143,2018,Bouke ami,1212500,94,2017-11-10T00:00:00.000,2018-02-11T00:00:00.000,Kembung Lelaki,97
5516,2018,Bouke ami,112500,71,2017-12-06T00:00:00.000,2018-02-14T00:00:00.000,Kembung Lelaki,9
6078,2018,Jaring insang oseanik,625000,63,2017-12-17T00:00:00.000,2018-02-17T00:00:00.000,Kembung Lelaki,50
6180,2018,Jaring insang oseanik,6987500,63,2017-12-17T00:00:00.000,2018-02-17T00:00:00.000,Kembung Perempuan [RAB],559
6498,2018,Jala jatuh berkapal,15100000,99,2017-11-13T00:00:00.000,2018-02-19T00:00:00.000,Kembung Lelaki,1208
6904,2018,Jala jatuh berkapal,7105000,106,2017-11-09T00:00:00.000,2018-02-22T00:00:00.000,Kembung Lelaki,203
6944,2018,Jala jatuh berkapal,76925000,21,2018-02-01T00:00:00.000,2018-02-21T00:00:00.000,Kembung Lelaki,6154
7168,2018,Bouke ami,1015000,90,2017-11-26T00:00:00.000,2018-02-23T00:00:00.000,Kembung Lelaki,29
7481,2018,Jaring insang oseanik,1925000,81,2017-12-07T00:00:00.000,2018-02-25T00:00:00.000,Kembung Perempuan [RAB],55
8603,2018,Bouke ami,595000,86,2017-12-07T00:00:00.000,2018-03-02T00:00:00.000,Kembung Lelaki,17
8657,2018,Jala jatuh berkapal,3430000,92,2017-12-01T00:00:00.000,2018-03-02T00:00:00.000,Kembung Lelaki,98
9602,2018,Bouke ami,1640000,85,2017-12-13T00:00:00.000,2018-03-07T00:00:00.000,Kembung Lelaki,41
10371,2018,Bouke ami,2280000,102,2017-12-01T00:00:00.000,2018-03-12T00:00:00.000,Kembung Lelaki,57
10533,2018,Bouke ami,315000,99,2017-12-05T00:00:00.000,2018-03-13T00:00:00.000,Kembung Lelaki,9
10543,2018,Bouke ami,520000,107,2017-11-27T00:00:00.000,2018-03-13T00:00:00.000,Kembung Perempuan [RAB],13
11199,2018,Bouke ami,120000,95,2017-12-14T00:00:00.000,2018-03-18T00:00:00.000,Kembung Lelaki,3
11776,2018,Jala jatuh berkapal,23960000,100,2017-12-11T00:00:00.000,2018-03-20T00:00:00.000,Kembung Lelaki,599
12375,2018,Jala jatuh berkapal,2135000,100,2017-12-16T00:00:00.000,2018-03-25T00:00:00.000,Kembung Lelaki,61
12810,2018,Bouke ami,2178000,101,2017-12-18T00:00:00.000,2018-03-28T00:00:00.000,Kembung Lelaki,66
13071,2018,Bouke ami,2275000,102,2017-12-20T00:00:00.000,2018-03-31T00:00:00.000,Kembung Lelaki,65
13235,2018,Bouke ami,700000,89,2018-01-04T00:00:00.000,2018-04-02T00:00:00.000,Kembung Lelaki,20
14536,2018,Bouke ami,2607000,92,2018-01-10T00:00:00.000,2018-04-11T00:00:00.000,Kembung Lelaki,79
14838,2018,Jala jatuh berkapal,9141000,97,2018-01-09T00:00:00.000,2018-04-15T00:00:00.000,Kembung Lelaki,277
15902,2018,Jala jatuh berkapal,8514000,102,2018-01-10T00:00:00.000,2018-04-21T00:00:00.000,Kembung Lelaki,258
15953,2018,Bouke ami,363000,83,2018-01-30T00:00:00.000,2018-04-22T00:00:00.000,Kembung Lelaki,11
16497,2018,Bouke ami,36400000,89,2018-01-27T00:00:00.000,2018-04-25T00:00:00.000,Kembung Lelaki,1040
16632,2018,Jala jatuh berkapal,4445000,83,2018-02-06T00:00:00.000,2018-04-29T00:00:00.000,Kembung Lelaki,127
20018,2018,Jaring insang oseanik,23430000,78,2018-03-04T00:00:00.000,2018-05-20T00:00:00.000,Kembung Perempuan [RAB],781
20611,2018,Bouke ami,17250000,97,2018-02-16T00:00:00.000,2018-05-23T00:00:00.000,Kembung Lelaki,575
20879,2018,Jala jatuh berkapal,630000,123,2018-01-24T00:00:00.000,2018-05-26T00:00:00.000,Kembung Lelaki,21
21831,2018,Jala jatuh berkapal,4860000,103,2018-02-22T00:00:00.000,2018-06-04T00:00:00.000,Kembung Lelaki,162
22553,2018,Jaring insang oseanik,1225000,31,2018-05-08T00:00:00.000,2018-06-07T00:00:00.000,Kembung Lelaki,35
26971,2018,Bouke ami,2660000,110,2018-03-23T00:00:00.000,2018-07-10T00:00:00.000,Kembung Lelaki,76
27141,2018,Jala jatuh berkapal,420000,48,2018-05-25T00:00:00.000,2018-07-11T00:00:00.000,Kembung Lelaki,12
27199,2018,Jala jatuh berkapal,2178000,112,2018-03-22T00:00:00.000,2018-07-11T00:00:00.000,Kembung Lelaki,66
27580,2018,Bouke ami,4125000,63,2018-05-12T00:00:00.000,2018-07-13T00:00:00.000,Kembung Lelaki,125
27603,2018,Jala jatuh berkapal,6831000,114,2018-03-22T00:00:00.000,2018-07-13T00:00:00.000,Kembung Lelaki,207
29539,2018,Jala jatuh berkapal,693000,125,2018-03-22T00:00:00.000,2018-07-23T00:00:00.000,Kembung Lelaki,21
29567,2018,Jala jatuh berkapal,1551000,94,2018-04-21T00:00:00.000,2018-07-23T00:00:00.000,Kembung Lelaki,47
30430,2018,Bouke ami,3597000,88,2018-05-02T00:00:00.000,2018-07-28T00:00:00.000,Kembung Lelaki,109
30903,2018,Jala jatuh berkapal,1683000,99,2018-04-24T00:00:00.000,2018-07-31T00:00:00.000,Kembung Lelaki,51
31164,2018,Bouke ami,46830000,109,2018-04-15T00:00:00.000,2018-08-01T00:00:00.000,Kembung Lelaki,1338
32166,2018,Bouke ami,17570000,73,2018-05-26T00:00:00.000,2018-08-06T00:00:00.000,Kembung Lelaki,502
32544,2018,Bouke ami,1085000,89,2018-05-12T00:00:00.000,2018-08-08T00:00:00.000,Kembung Perempuan [RAB],31
33113,2018,Jala jatuh berkapal,595000,31,2018-07-11T00:00:00.000,2018-08-10T00:00:00.000,Kembung Perempuan [RAB],17
33148,2018,Jala jatuh berkapal,1785000,97,2018-05-06T00:00:00.000,2018-08-10T00:00:00.000,Kembung Perempuan [RAB],51
33255,2018,Bouke ami,21455000,90,2018-05-13T00:00:00.000,2018-08-10T00:00:00.000,Kembung Perempuan [RAB],613
33404,2018,Jala jatuh berkapal,3920000,92,2018-05-12T00:00:00.000,2018-08-11T00:00:00.000,Kembung Lelaki,112
33773,2018,Jala jatuh berkapal,7595000,93,2018-05-13T00:00:00.000,2018-08-13T00:00:00.000,Kembung Lelaki,217
33948,2018,Bouke ami,2310000,97,2018-05-10T00:00:00.000,2018-08-14T00:00:00.000,Kembung Lelaki,66
34312,2018,Jala jatuh berkapal,26565000,99,2018-05-09T00:00:00.000,2018-08-15T00:00:00.000,Kembung Lelaki,759
34413,2018,Bouke ami,735000,96,2018-05-13T00:00:00.000,2018-08-16T00:00:00.000,Kembung Lelaki,21
34446,2018,Bouke ami,2275000,88,2018-05-21T00:00:00.000,2018-08-16T00:00:00.000,Kembung Lelaki,65
34713,2018,Jala jatuh berkapal,1155000,91,2018-05-20T00:00:00.000,2018-08-18T00:00:00.000,Kembung Lelaki,33
35807,2018,Bouke ami,2765000,99,2018-05-19T00:00:00.000,2018-08-25T00:00:00.000,Kembung Lelaki,79
36198,2018,Hand Line Tuna,5005000,67,2018-06-24T00:00:00.000,2018-08-29T00:00:00.000,Kembung Lelaki,143
36217,2018,Hand Line Tuna,16275000,67,2018-06-24T00:00:00.000,2018-08-29T00:00:00.000,Kembung Perempuan [RAB],465
36876,2018,Jala jatuh berkapal,980000,91,2018-06-05T00:00:00.000,2018-09-03T00:00:00.000,Kembung Lelaki,28
39894,2018,Jala jatuh berkapal,1435000,58,2018-07-17T00:00:00.000,2018-09-12T00:00:00.000,Kembung Lelaki,41
40874,2018,Bouke ami,36400000,80,2018-06-30T00:00:00.000,2018-09-17T00:00:00.000,Kembung Lelaki,1040
41503,2018,Jala jatuh berkapal,2065000,85,2018-06-25T00:00:00.000,2018-09-17T00:00:00.000,Kembung Lelaki,59
41959,2018,Bouke ami,11165000,102,2018-06-09T00:00:00.000,2018-09-18T00:00:00.000,Kembung Lelaki,319
43097,2018,Jala jatuh berkapal,1190000,77,2018-07-10T00:00:00.000,2018-09-24T00:00:00.000,Kembung Lelaki,34
44333,2018,Jala jatuh berkapal,3990000,95,2018-06-29T00:00:00.000,2018-10-01T00:00:00.000,Kembung Lelaki,114
46231,2018,Bouke ami,2765000,103,2018-06-26T00:00:00.000,2018-10-06T00:00:00.000,Kembung Lelaki,79
46922,2018,Bouke ami,540000,94,2018-07-07T00:00:00.000,2018-10-08T00:00:00.000,Kembung Lelaki,18
47466,2018,Jala jatuh berkapal,3480000,107,2018-06-26T00:00:00.000,2018-10-10T00:00:00.000,Kembung Lelaki,116
48980,2018,Bouke ami,49200000,98,2018-07-10T00:00:00.000,2018-10-15T00:00:00.000,Kembung Lelaki,1640
49879,2018,Jala jatuh berkapal,450000,94,2018-07-17T00:00:00.000,2018-10-18T00:00:00.000,Kembung Lelaki,15
49960,2018,Jala jatuh berkapal,3870000,98,2018-07-13T00:00:00.000,2018-10-18T00:00:00.000,Kembung Lelaki,129
50380,2018,Bouke ami,22830000,104,2018-07-08T00:00:00.000,2018-10-19T00:00:00.000,Kembung Lelaki,761
50683,2018,Jala jatuh berkapal,540000,100,2018-07-14T00:00:00.000,2018-10-21T00:00:00.000,Kembung Lelaki,18
50694,2018,Jala jatuh berkapal,810000,100,2018-07-14T00:00:00.000,2018-10-21T00:00:00.000,Kembung Perempuan [RAB],27
51814,2018,Jala jatuh berkapal,4260000,61,2018-08-26T00:00:00.000,2018-10-25T00:00:00.000,Kembung Lelaki,142
51821,2018,Bouke ami,5160000,101,2018-07-17T00:00:00.000,2018-10-25T00:00:00.000,Kembung Lelaki,172
52203,2018,Jala jatuh berkapal,1440000,99,2018-07-21T00:00:00.000,2018-10-27T00:00:00.000,Kembung Lelaki,48
53967,2018,Bouke ami,2100000,88,2018-08-07T00:00:00.000,2018-11-02T00:00:00.000,Kembung Lelaki,70
54125,2018,Bouke ami,10710000,67,2018-08-28T00:00:00.000,2018-11-02T00:00:00.000,Kembung Lelaki,357
54707,2018,Jala jatuh berkapal,4380000,96,2018-08-01T00:00:00.000,2018-11-04T00:00:00.000,Kembung Perempuan [RAB],146
55005,2018,Bouke ami,18300000,101,2018-07-28T00:00:00.000,2018-11-05T00:00:00.000,Kembung Lelaki,610
56844,2018,Bouke ami,3240000,96,2018-08-08T00:00:00.000,2018-11-11T00:00:00.000,Kembung Lelaki,108
57809,2018,Jala jatuh berkapal,2040000,99,2018-08-07T00:00:00.000,2018-11-13T00:00:00.000,Kembung Lelaki,68
57927,2018,Jala jatuh berkapal,9390000,99,2018-08-07T00:00:00.000,2018-11-13T00:00:00.000,Kembung Perempuan [RAB],313
57958,2018,Bouke ami,28380000,48,2018-09-27T00:00:00.000,2018-11-13T00:00:00.000,Kembung Lelaki,946
58102,2018,Bouke ami,1440000,101,2018-08-07T00:00:00.000,2018-11-15T00:00:00.000,Kembung Lelaki,48
58103,2018,Bouke ami,1440000,97,2018-08-11T00:00:00.000,2018-11-15T00:00:00.000,Kembung Lelaki,48
59806,2018,Bouke ami,16200000,80,2018-09-03T00:00:00.000,2018-11-21T00:00:00.000,Kembung Lelaki,540
63558,2018,Jala jatuh berkapal,2370000,91,2018-09-08T00:00:00.000,2018-12-07T00:00:00.000,Kembung Lelaki,79
63738,2018,Bouke ami,1440000,94,2018-09-06T00:00:00.000,2018-12-08T00:00:00.000,Kembung Lelaki,48
66447,2018,Jala jatuh berkapal,4230000,83,2018-09-26T00:00:00.000,2018-12-17T00:00:00.000,Kembung Lelaki,141
66513,2018,Jala jatuh berkapal,9750000,83,2018-09-26T00:00:00.000,2018-12-17T00:00:00.000,Kembung Perempuan [RAB],325
66520,2018,Hand Line Tuna,11160000,13,2018-12-05T00:00:00.000,2018-12-17T00:00:00.000,Kembung Lelaki,372
68151,2018,Bouke ami,630000,101,2018-09-14T00:00:00.000,2018-12-23T00:00:00.000,Kembung Lelaki,21
147966,2019,Bouke ami,325000,94,2019-02-13T00:00:00.000,2019-05-17T00:00:00.000,Kembung Lelaki,13
148208,2019,Bouke ami,9660000,72,2019-06-24T00:00:00.000,2019-09-03T00:00:00.000,Kembung Lelaki,345
152242,2019,Bouke ami,1188000,103,2018-12-06T00:00:00.000,2019-03-18T00:00:00.000,Kembung Lelaki,36
153108,2019,Bouke ami,6175000,110,2019-02-09T00:00:00.000,2019-05-29T00:00:00.000,Kembung Lelaki,247
156136,2019,Bouke ami,3160000,85,2018-11-05T00:00:00.000,2019-01-28T00:00:00.000,Kembung Lelaki,79
158535,2019,Bouke ami,31230000,103,2019-03-09T00:00:00.000,2019-06-19T00:00:00.000,Kembung Perempuan [RAB],1041
158781,2019,Bouke ami,2380000,90,2019-05-15T00:00:00.000,2019-08-12T00:00:00.000,Kembung Lelaki,68
161234,2019,Bouke ami,6125000,84,2018-10-19T00:00:00.000,2019-01-10T00:00:00.000,Kembung Lelaki,175
161786,2019,Bouke ami,1386000,88,2018-11-14T00:00:00.000,2019-02-09T00:00:00.000,Kembung Lelaki,42
162024,2019,Bouke ami,1200000,98,2018-11-15T00:00:00.000,2019-02-20T00:00:00.000,Kembung Lelaki,30
162846,2019,Bouke ami,8943000,97,2018-12-07T00:00:00.000,2019-03-13T00:00:00.000,Kembung Lelaki,271
163020,2019,Bouke ami,792000,86,2018-12-21T00:00:00.000,2019-03-16T00:00:00.000,Kembung Lelaki,24
163662,2019,Bouke ami,1023000,92,2019-01-09T00:00:00.000,2019-04-10T00:00:00.000,Kembung Lelaki,31
164962,2019,Bouke ami,8800000,82,2019-03-03T00:00:00.000,2019-05-23T00:00:00.000,Kembung Lelaki,352
165282,2019,Bouke ami,810000,107,2019-03-03T00:00:00.000,2019-06-17T00:00:00.000,Kembung Lelaki,27
165298,2019,Bouke ami,2774000,98,2019-03-14T00:00:00.000,2019-06-19T00:00:00.000,Kembung Lelaki,73
165337,2019,Bouke ami,1102000,108,2019-03-09T00:00:00.000,2019-06-24T00:00:00.000,Kembung Lelaki,29
165430,2019,Bouke ami,36960000,100,2019-03-28T00:00:00.000,2019-07-05T00:00:00.000,Kembung Perempuan [RAB],1120
165585,2019,Bouke ami,231000,96,2019-04-06T00:00:00.000,2019-07-10T00:00:00.000,Kembung Lelaki,7
165747,2019,Bouke ami,297000,99,2019-04-07T00:00:00.000,2019-07-14T00:00:00.000,Kembung Lelaki,9
166168,2019,Bouke ami,330000,91,2019-05-08T00:00:00.000,2019-08-06T00:00:00.000,Kembung Lelaki,11
166355,2019,Bouke ami,3605000,127,2019-04-10T00:00:00.000,2019-08-14T00:00:00.000,Kembung Lelaki,103
169466,2019,Bouke ami,1015000,78,2019-05-23T00:00:00.000,2019-08-08T00:00:00.000,Kembung Lelaki,29
169591,2019,Jala jatuh berkapal,750000,88,2019-05-08T00:00:00.000,2019-08-03T00:00:00.000,Kembung Lelaki,25
169613,2019,Bouke ami,2870000,76,2018-10-31T00:00:00.000,2019-01-14T00:00:00.000,Kembung Lelaki,82
169838,2019,Jala jatuh berkapal,240000,79,2019-03-26T00:00:00.000,2019-06-12T00:00:00.000,Kembung Lelaki,8
169949,2019,Jaring insang oseanik,3560000,66,2018-12-09T00:00:00.000,2019-02-12T00:00:00.000,Kembung Lelaki,89
169968,2019,Jala jatuh berkapal,825000,111,2018-11-22T00:00:00.000,2019-03-12T00:00:00.000,Kembung Lelaki,25
169985,2019,Bouke ami,143979000,114,2018-11-19T00:00:00.000,2019-03-12T00:00:00.000,Kembung Lelaki,4363
170246,2019,Bouke ami,2442000,98,2018-11-29T00:00:00.000,2019-03-06T00:00:00.000,Kembung Lelaki,74
170573,2019,Bouke ami,21240000,71,2019-06-24T00:00:00.000,2019-09-02T00:00:00.000,Kembung Lelaki,708
170735,2019,Bouke ami,11360000,92,2018-11-20T00:00:00.000,2019-02-19T00:00:00.000,Kembung Lelaki,284
170768,2019,Jala jatuh berkapal,4770000,117,2019-02-17T00:00:00.000,2019-06-13T00:00:00.000,Kembung Lelaki,159
170810,2019,Jala jatuh berkapal,2000000,93,2018-11-23T00:00:00.000,2019-02-23T00:00:00.000,Kembung Lelaki,50
170892,2019,Jala jatuh berkapal,8448000,120,2019-03-28T00:00:00.000,2019-07-25T00:00:00.000,Kembung Lelaki,256
170921,2019,Bouke ami,5490000,92,2019-06-16T00:00:00.000,2019-09-15T00:00:00.000,Kembung Lelaki,183
171166,2019,Bouke ami,27093000,89,2019-05-03T00:00:00.000,2019-07-30T00:00:00.000,Kembung Lelaki,821
171198,2019,Jala jatuh berkapal,880000,93,2018-10-31T00:00:00.000,2019-01-31T00:00:00.000,Kembung Lelaki,22
171263,2019,Jaring insang oseanik,1000000,84,2019-02-25T00:00:00.000,2019-05-19T00:00:00.000,Kembung Lelaki,40
171296,2019,Jala jatuh berkapal,532000,94,2019-03-19T00:00:00.000,2019-06-20T00:00:00.000,Kembung Lelaki,14
171404,2019,Bouke ami,15505000,91,2019-01-19T00:00:00.000,2019-04-19T00:00:00.000,Kembung Lelaki,443
171642,2019,Bouke ami,2580000,97,2019-01-18T00:00:00.000,2019-04-24T00:00:00.000,Kembung Lelaki,86
171762,2019,Bouke ami,2660000,101,2019-01-23T00:00:00.000,2019-05-03T00:00:00.000,Kembung Lelaki,76
171812,2019,Bouke ami,660000,103,2019-05-16T00:00:00.000,2019-08-26T00:00:00.000,Kembung Lelaki,20
171838,2019,Jala jatuh berkapal,8832000,105,2019-06-20T00:00:00.000,2019-10-02T00:00:00.000,Kembung Lelaki,276
171976,2019,Jala jatuh berkapal,3390000,91,2019-06-15T00:00:00.000,2019-09-13T00:00:00.000,Kembung Lelaki,113
172229,2019,Bouke ami,684000,124,2019-02-16T00:00:00.000,2019-06-19T00:00:00.000,Kembung Lelaki,18
172277,2019,Bouke ami,627000,95,2019-04-08T00:00:00.000,2019-07-11T00:00:00.000,Kembung Lelaki,19
172308,2019,Bouke ami,1530000,95,2019-03-20T00:00:00.000,2019-06-22T00:00:00.000,Kembung Lelaki,51
172320,2019,Bouke ami,5628000,122,2019-05-04T00:00:00.000,2019-09-02T00:00:00.000,Kembung Lelaki,201
172592,2019,Bouke ami,392000,97,2019-02-03T00:00:00.000,2019-05-10T00:00:00.000,Kembung Lelaki,14
172753,2019,Jala jatuh berkapal,8976000,105,2019-04-01T00:00:00.000,2019-07-14T00:00:00.000,Kembung Lelaki,272
172830,2019,Bouke ami,2345000,110,2019-04-26T00:00:00.000,2019-08-13T00:00:00.000,Kembung Lelaki,67
172889,2019,Jala jatuh berkapal,28710000,97,2019-06-20T00:00:00.000,2019-09-24T00:00:00.000,Kembung Lelaki,957
175771,2019,Bouke ami,3080000,88,2018-10-26T00:00:00.000,2019-01-21T00:00:00.000,Kembung Perempuan [RAB],88
178611,2019,Bouke ami,3069000,125,2018-11-11T00:00:00.000,2019-03-15T00:00:00.000,Kembung Perempuan [RAB],93
298911,2020,Bouke ami,3775000,101,2020-02-22T00:00:00.000,2020-06-01T00:00:00.000,Kembung Lelaki,151
299645,2020,Bouke ami,1056000,92,2020-05-11T00:00:00.000,2020-08-10T00:00:00.000,Kembung Perempuan [RAB],32
299681,2020,Bouke ami,1221000,110,2020-05-02T00:00:00.000,2020-08-19T00:00:00.000,Kembung Lelaki,37
300368,2020,Bouke ami,4060000,103,2020-06-15T00:00:00.000,2020-09-25T00:00:00.000,Kembung Lelaki,116
301269,2020,Bouke ami,1683000,100,2020-08-07T00:00:00.000,2020-11-14T00:00:00.000,Kembung Lelaki,51
301413,2020,Bouke ami,6468000,101,2020-08-12T00:00:00.000,2020-11-20T00:00:00.000,Kembung Lelaki,196
303507,2020,Bouke ami,2175000,105,2020-02-19T00:00:00.000,2020-06-02T00:00:00.000,Kembung Lelaki,87
304548,2020,Bouke ami,10754000,105,2020-04-07T00:00:00.000,2020-07-20T00:00:00.000,Kembung Lelaki,283
304868,2020,Bouke ami,1584000,108,2020-04-25T00:00:00.000,2020-08-10T00:00:00.000,Kembung Perempuan [RAB],48
304870,2020,Bouke ami,2013000,108,2020-04-25T00:00:00.000,2020-08-10T00:00:00.000,Kembung Lelaki,61
304939,2020,Bouke ami,1881000,107,2020-05-05T00:00:00.000,2020-08-19T00:00:00.000,Kembung Lelaki,57
304962,2020,Bouke ami,4158000,114,2020-04-28T00:00:00.000,2020-08-19T00:00:00.000,Kembung Lelaki,126
305916,2020,Bouke ami,33075000,112,2020-06-13T00:00:00.000,2020-10-02T00:00:00.000,Kembung Lelaki,945
306311,2020,Bouke ami,2706000,95,2020-07-24T00:00:00.000,2020-10-26T00:00:00.000,Kembung Lelaki,82
306533,2020,Bouke ami,5610000,99,2020-08-03T00:00:00.000,2020-11-09T00:00:00.000,Kembung Lelaki,170
307642,2020,Jaring insang oseanik,195426000,62,2020-06-12T00:00:00.000,2020-08-12T00:00:00.000,Kembung Lelaki,5922
307643,2020,Jaring insang oseanik,195426000,62,2020-06-12T00:00:00.000,2020-08-12T00:00:00.000,Kembung Lelaki,5922
307941,2020,Jala jatuh berkapal,8778000,143,2020-06-10T00:00:00.000,2020-10-30T00:00:00.000,Kembung Lelaki,266
308081,2020,Bouke ami,798000,99,2020-04-18T00:00:00.000,2020-07-25T00:00:00.000,Kembung Lelaki,21
308165,2020,Bouke ami,2574000,89,2020-08-08T00:00:00.000,2020-11-04T00:00:00.000,Kembung Lelaki,78
308443,2020,Jala jatuh berkapal,1225000,107,2020-06-05T00:00:00.000,2020-09-19T00:00:00.000,Kembung Lelaki,35
308455,2020,Bouke ami,315000,107,2020-06-09T00:00:00.000,2020-09-23T00:00:00.000,Kembung Lelaki,9
308931,2020,Bouke ami,73080000,104,2020-06-06T00:00:00.000,2020-09-17T00:00:00.000,Kembung Lelaki,2088
308938,2020,Jala jatuh berkapal,1050000,98,2020-07-28T00:00:00.000,2020-11-02T00:00:00.000,Kembung Perempuan [RAB],35
309035,2020,Bouke ami,3955000,102,2020-06-19T00:00:00.000,2020-09-28T00:00:00.000,Kembung Perempuan [RAB],113
309232,2020,Jala jatuh berkapal,9310000,101,2020-06-20T00:00:00.000,2020-09-28T00:00:00.000,Kembung Lelaki,266
309248,2020,Bouke ami,64680000,110,2020-06-25T00:00:00.000,2020-10-12T00:00:00.000,Kembung Lelaki,1848
309412,2020,Jala jatuh berkapal,1080000,119,2020-06-04T00:00:00.000,2020-09-30T00:00:00.000,Kembung Lelaki,108
309585,2020,Jala jatuh berkapal,3080000,71,2020-07-27T00:00:00.000,2020-10-05T00:00:00.000,Kembung Lelaki,88
309846,2020,Bouke ami,64330000,105,2020-06-11T00:00:00.000,2020-09-23T00:00:00.000,Kembung Lelaki,1838
309885,2020,Jala jatuh berkapal,2240000,118,2020-06-05T00:00:00.000,2020-09-30T00:00:00.000,Kembung Lelaki,64
309908,2020,Jala jatuh berkapal,875000,102,2020-07-01T00:00:00.000,2020-10-12T00:00:00.000,Kembung Lelaki,25
309920,2020,Jala jatuh berkapal,16660000,102,2020-07-01T00:00:00.000,2020-10-12T00:00:00.000,Kembung Lelaki,476
309955,2020,Bouke ami,15477000,104,2020-08-15T00:00:00.000,2020-11-26T00:00:00.000,Kembung Lelaki,469
310027,2020,Jala jatuh berkapal,3395000,97,2019-11-30T00:00:00.000,2020-03-05T00:00:00.000,Kembung Lelaki,97
311855,2020,Jala jatuh berkapal,4375000,78,2020-07-14T00:00:00.000,2020-09-29T00:00:00.000,Kembung Lelaki,125
313247,2021,Bouke ami,264000,104,2020-10-14T00:00:00.000,2021-01-25T00:00:00.000,Kembung Lelaki,8
322467,2021,Bouke ami,6215500,100,2021-06-07T00:00:00.000,2021-09-14T00:00:00.000,Kembung Lelaki,401
327643,2021,Bouke ami,190000,126,2021-08-07T00:00:00.000,2021-12-10T00:00:00.000,Kembung Lelaki,10
368347,2021,Bouke ami,4488000,103,2020-10-19T00:00:00.000,2021-01-29T00:00:00.000,Kembung Lelaki,136
368741,2021,Bouke ami,175000,71,2021-04-09T00:00:00.000,2021-06-18T00:00:00.000,Kembung Lelaki,10
371989,2021,Bouke ami,480000,103,2020-10-09T00:00:00.000,2021-01-19T00:00:00.000,Kembung Perempuan [RAB],16
371991,2021,Bouke ami,1188000,103,2020-10-09T00:00:00.000,2021-01-19T00:00:00.000,Kembung Lelaki,36
375040,2021,Bouke ami,1720500,102,2021-05-25T00:00:00.000,2021-09-03T00:00:00.000,Kembung Lelaki,111
375056,2021,Bouke ami,3482500,89,2021-06-12T00:00:00.000,2021-09-08T00:00:00.000,Kembung Lelaki,199
375260,2021,Bouke ami,1937500,114,2021-06-08T00:00:00.000,2021-09-29T00:00:00.000,Kembung Lelaki,125
375970,2021,Bouke ami,1083000,92,2021-09-27T00:00:00.000,2021-12-27T00:00:00.000,Kembung Lelaki,57
375971,2021,Bouke ami,1501000,85,2021-10-04T00:00:00.000,2021-12-27T00:00:00.000,Kembung Lelaki,79
376188,2021,Bouke ami,10296000,100,2020-10-12T00:00:00.000,2021-01-19T00:00:00.000,Kembung Lelaki,312
376340,2021,Bouke ami,8362200,118,2020-10-15T00:00:00.000,2021-02-09T00:00:00.000,Kembung Lelaki,362
376897,2021,Bouke ami,3803800,102,2021-01-13T00:00:00.000,2021-04-24T00:00:00.000,Kembung Lelaki,143
377212,2021,Bouke ami,1855000,112,2021-03-05T00:00:00.000,2021-06-24T00:00:00.000,Kembung Lelaki,106
377374,2021,Bouke ami,960000,109,2021-03-25T00:00:00.000,2021-07-11T00:00:00.000,Kembung Lelaki,48
377381,2021,Bouke ami,2100000,104,2021-03-30T00:00:00.000,2021-07-11T00:00:00.000,Kembung Lelaki,105
377518,2021,Bouke ami,1683000,105,2021-04-10T00:00:00.000,2021-07-23T00:00:00.000,Kembung Perempuan [RAB],102
377616,2021,Bouke ami,735000,108,2021-04-24T00:00:00.000,2021-08-09T00:00:00.000,Kembung Lelaki,42
378668,2021,Bouke ami,2012500,112,2021-07-06T00:00:00.000,2021-10-25T00:00:00.000,Kembung Perempuan [RAB],115
378955,2021,Bouke ami,2956500,109,2021-07-28T00:00:00.000,2021-11-13T00:00:00.000,Kembung Lelaki,219
380124,2021,Bouke ami,12573000,108,2020-10-06T00:00:00.000,2021-01-21T00:00:00.000,Kembung Lelaki,381
380690,2021,Bouke ami,3672900,99,2020-11-17T00:00:00.000,2021-02-23T00:00:00.000,Kembung Lelaki,159
380802,2021,Bouke ami,2471700,106,2020-11-14T00:00:00.000,2021-02-27T00:00:00.000,Kembung Lelaki,107
380875,2021,Bouke ami,1941800,113,2020-11-14T00:00:00.000,2021-03-06T00:00:00.000,Kembung Lelaki,73
381111,2021,Bouke ami,1827000,117,2020-11-20T00:00:00.000,2021-03-16T00:00:00.000,Kembung Perempuan [RAB],87
382472,2021,Bouke ami,245000,108,2021-02-04T00:00:00.000,2021-05-22T00:00:00.000,Kembung Lelaki,10
382479,2021,Bouke ami,882000,108,2021-02-04T00:00:00.000,2021-05-22T00:00:00.000,Kembung Lelaki,36
382485,2021,Bouke ami,2695000,108,2021-02-04T00:00:00.000,2021-05-22T00:00:00.000,Kembung Perempuan [RAB],110
383740,2021,Bouke ami,900000,105,2021-03-25T00:00:00.000,2021-07-07T00:00:00.000,Kembung Lelaki,45
386817,2021,Bouke ami,175000,104,2021-07-14T00:00:00.000,2021-10-25T00:00:00.000,Kembung Lelaki,10
387465,2021,Bouke ami,6048000,108,2021-07-29T00:00:00.000,2021-11-13T00:00:00.000,Kembung Lelaki,448
387467,2021,Bouke ami,23584500,104,2021-08-02T00:00:00.000,2021-11-13T00:00:00.000,Kembung Lelaki,1747
387986,2021,Bouke ami,2983500,109,2021-08-10T00:00:00.000,2021-11-26T00:00:00.000,Kembung Lelaki,221
388020,2021,Bouke ami,9922500,115,2021-08-05T00:00:00.000,2021-11-27T00:00:00.000,Kembung Lelaki,735
388305,2021,Bouke ami,4750000,127,2021-08-04T00:00:00.000,2021-12-08T00:00:00.000,Kembung Lelaki,250
388729,2021,Bouke ami,15827000,110,2021-09-03T00:00:00.000,2021-12-21T00:00:00.000,Kembung Lelaki,833
389239,2021,Jala jatuh berkapal,1080000,103,2021-04-15T00:00:00.000,2021-07-26T00:00:00.000,Kembung Lelaki,54
389246,2021,Jala jatuh berkapal,648000,102,2021-07-24T00:00:00.000,2021-11-02T00:00:00.000,Kembung Lelaki,48
389256,2021,Jala jatuh berkapal,4198500,108,2021-08-10T00:00:00.000,2021-11-25T00:00:00.000,Kembung Lelaki,311
389381,2021,Jala jatuh berkapal,139500,99,2021-05-29T00:00:00.000,2021-09-04T00:00:00.000,Kembung Lelaki,9
389612,2021,Jala jatuh berkapal,2402400,84,2021-01-20T00:00:00.000,2021-04-13T00:00:00.000,Kembung Perempuan [RAB],104
389682,2021,Jala jatuh berkapal,3402000,120,2021-07-19T00:00:00.000,2021-11-15T00:00:00.000,Kembung Lelaki,252
389881,2021,Jala jatuh berkapal,912000,137,2021-07-28T00:00:00.000,2021-12-11T00:00:00.000,Kembung Lelaki,48
389949,2021,Bouke ami,1888600,111,2020-12-14T00:00:00.000,2021-04-03T00:00:00.000,Kembung Lelaki,71
389954,2021,Jala jatuh berkapal,2961000,108,2020-12-21T00:00:00.000,2021-04-07T00:00:00.000,Kembung Perempuan [RAB],141
390178,2021,Bouke ami,171000,52,2021-10-19T00:00:00.000,2021-12-09T00:00:00.000,Kembung Lelaki,9
390235,2021,Jala jatuh berkapal,390600,106,2020-11-02T00:00:00.000,2021-02-15T00:00:00.000,Kembung Perempuan [RAB],18
390515,2021,Jala jatuh berkapal,760000,97,2021-04-12T00:00:00.000,2021-07-17T00:00:00.000,Kembung Lelaki,38
390532,2021,Jala jatuh berkapal,5390000,107,2021-07-13T00:00:00.000,2021-10-27T00:00:00.000,Kembung Lelaki,308
390610,2021,Jala jatuh berkapal,858000,109,2021-03-30T00:00:00.000,2021-07-16T00:00:00.000,Kembung Perempuan [RAB],52
390622,2021,Jala jatuh berkapal,560000,102,2021-04-23T00:00:00.000,2021-08-02T00:00:00.000,Kembung Lelaki,32
390764,2021,Bouke ami,440000,113,2021-03-18T00:00:00.000,2021-07-08T00:00:00.000,Kembung Lelaki,22
390885,2021,Bouke ami,4643100,140,2020-10-03T00:00:00.000,2021-02-19T00:00:00.000,Kembung Lelaki,201
390918,2021,Bouke ami,14472000,108,2021-07-29T00:00:00.000,2021-11-13T00:00:00.000,Kembung Lelaki,1072
390937,2021,Bouke ami,891000,101,2020-10-17T00:00:00.000,2021-01-25T00:00:00.000,Kembung Lelaki,27
391062,2021,Bouke ami,5905500,103,2021-05-29T00:00:00.000,2021-09-08T00:00:00.000,Kembung Lelaki,381
391120,2021,Bouke ami,1683000,108,2020-10-09T00:00:00.000,2021-01-24T00:00:00.000,Kembung Lelaki,51
391210,2021,Bouke ami,1425000,69,2021-10-22T00:00:00.000,2021-12-29T00:00:00.000,Kembung Lelaki,75
391367,2021,Jala jatuh berkapal,558000,102,2021-06-17T00:00:00.000,2021-09-26T00:00:00.000,Kembung Lelaki,36
391463,2021,Bouke ami,910000,101,2021-03-08T00:00:00.000,2021-06-16T00:00:00.000,Kembung Perempuan [RAB],52
391723,2021,Bouke ami,2957500,119,2021-04-13T00:00:00.000,2021-08-09T00:00:00.000,Kembung Lelaki,169
391828,2021,Bouke ami,3078000,114,2021-09-03T00:00:00.000,2021-12-25T00:00:00.000,Kembung Lelaki,162
391935,2021,Bouke ami,8477700,116,2020-10-19T00:00:00.000,2021-02-11T00:00:00.000,Kembung Lelaki,367
392033,2021,Jala jatuh berkapal,2660000,112,2020-11-16T00:00:00.000,2021-03-08T00:00:00.000,Kembung Lelaki,100
392230,2021,Jala jatuh berkapal,440000,114,2021-03-17T00:00:00.000,2021-07-08T00:00:00.000,Kembung Lelaki,22
392291,2021,Jala jatuh berkapal,1942500,120,2021-04-07T00:00:00.000,2021-08-04T00:00:00.000,Kembung Lelaki,111
392341,2021,Jala jatuh berkapal,1100500,104,2021-05-25T00:00:00.000,2021-09-05T00:00:00.000,Kembung Lelaki,71
392449,2021,Jala jatuh berkapal,2916000,117,2021-07-12T00:00:00.000,2021-11-05T00:00:00.000,Kembung Lelaki,216
392471,2021,Jala jatuh berkapal,15268500,99,2021-08-03T00:00:00.000,2021-11-09T00:00:00.000,Kembung Lelaki,1131
392472,2021,Bouke ami,43092000,120,2021-07-12T00:00:00.000,2021-11-08T00:00:00.000,Kembung Lelaki,3192
392496,2021,Jala jatuh berkapal,9409500,134,2021-07-01T00:00:00.000,2021-11-11T00:00:00.000,Kembung Lelaki,697
392530,2021,Jala jatuh berkapal,10963000,120,2021-08-04T00:00:00.000,2021-12-01T00:00:00.000,Kembung Lelaki,577
392544,2021,Bouke ami,35967000,119,2021-08-06T00:00:00.000,2021-12-02T00:00:00.000,Kembung Lelaki,1893
392556,2021,Jala jatuh berkapal,8284000,120,2021-08-09T00:00:00.000,2021-12-06T00:00:00.000,Kembung Lelaki,436
392651,2021,Jala jatuh berkapal,5973000,108,2020-10-06T00:00:00.000,2021-01-21T00:00:00.000,Kembung Lelaki,181
392665,2021,Jala jatuh berkapal,1039500,108,2020-11-02T00:00:00.000,2021-02-17T00:00:00.000,Kembung Lelaki,45
392946,2021,Jala jatuh berkapal,12862500,109,2021-02-23T00:00:00.000,2021-06-11T00:00:00.000,Kembung Lelaki,735
393154,2021,Bouke ami,276000,119,2021-05-24T00:00:00.000,2021-09-19T00:00:00.000,Kembung Perempuan [RAB],24
393161,2021,Jala jatuh berkapal,852500,105,2021-06-07T00:00:00.000,2021-09-19T00:00:00.000,Kembung Lelaki,55
393166,2021,Jala jatuh berkapal,2728000,105,2021-06-07T00:00:00.000,2021-09-19T00:00:00.000,Kembung Lelaki,176
393233,2021,Jala jatuh berkapal,9765000,108,2021-07-03T00:00:00.000,2021-10-18T00:00:00.000,Kembung Lelaki,558
393296,2021,Bouke ami,14256000,106,2021-08-03T00:00:00.000,2021-11-16T00:00:00.000,Kembung Lelaki,1056
393850,2021,Jala jatuh berkapal,3097500,92,2021-05-25T00:00:00.000,2021-08-24T00:00:00.000,Kembung Lelaki,177
394170,2021,Bouke ami,5427000,113,2021-07-24T00:00:00.000,2021-11-13T00:00:00.000,Kembung Lelaki,402
436373,2022,Cantrang,98000,108,2021-10-28T00:00:00.000,2022-02-12T00:00:00.000,Kembung Lelaki,8
445993,2022,Jaring Tarik Berkantong,8200500,121,2021-11-17T00:00:00.000,2022-03-17T00:00:00.000,Kembung Lelaki,355
448191,2022,Pancing Ulur,5734400,120,2022-04-08T00:00:00.000,2022-08-05T00:00:00.000,Kembung Perempuan [RAB],256
448751,2022,Cantrang,4338000,122,2022-05-12T00:00:00.000,2022-09-10T00:00:00.000,Kembung Lelaki,241
450051,2022,Pukat cincin dua kapal,2376000,125,2022-07-19T00:00:00.000,2022-11-20T00:00:00.000,Kembung Lelaki,132
451589,2022,Cantrang,392700,103,2021-11-25T00:00:00.000,2022-03-07T00:00:00.000,Kembung Lelaki,17
451805,2022,Pukat cincin Pelagis Kecil dengan satu kapal,184800,114,2021-11-23T00:00:00.000,2022-03-16T00:00:00.000,Kembung Lelaki,8
451867,2022,Bouke ami,8847300,116,2021-11-23T00:00:00.000,2022-03-18T00:00:00.000,Kembung Lelaki,383
452721,2022,Cantrang,4124120,117,2022-01-15T00:00:00.000,2022-05-11T00:00:00.000,Kembung Lelaki,286
453213,2022,Jaring Tarik Berkantong,4242000,113,2022-02-17T00:00:00.000,2022-06-09T00:00:00.000,Kembung Lelaki,202
453240,2022,Pukat cincin satu kapal,1638000,125,2022-02-07T00:00:00.000,2022-06-11T00:00:00.000,Kembung Lelaki,78
453587,2022,Bouke ami,1008000,113,2022-03-09T00:00:00.000,2022-06-29T00:00:00.000,Kembung Lelaki,48
453786,2022,Pancing Ulur,2777600,121,2022-03-08T00:00:00.000,2022-07-06T00:00:00.000,Kembung Lelaki,124
453882,2022,Hand Line Tuna,963200,113,2022-03-21T00:00:00.000,2022-07-11T00:00:00.000,Kembung Lelaki,43
453978,2022,Cantrang,798000,119,2022-03-21T00:00:00.000,2022-07-17T00:00:00.000,Kembung Lelaki,38
454041,2022,Cantrang,1302000,106,2022-03-30T00:00:00.000,2022-07-13T00:00:00.000,Kembung Lelaki,62
454826,2022,Payang,1689600,102,2022-05-31T00:00:00.000,2022-09-09T00:00:00.000,Kembung Perempuan [RAB],88
455237,2022,Cantrang,4824000,115,2022-06-23T00:00:00.000,2022-10-15T00:00:00.000,Kembung Lelaki,268
455429,2022,Bouke ami,50508000,118,2022-07-02T00:00:00.000,2022-10-27T00:00:00.000,Kembung Lelaki,2806
455521,2022,Cantrang,6138000,107,2022-07-21T00:00:00.000,2022-11-04T00:00:00.000,Kembung Lelaki,341
455523,2022,Cantrang,12456000,114,2022-07-14T00:00:00.000,2022-11-04T00:00:00.000,Kembung Lelaki,692
455583,2022,Jaring Tarik Berkantong,828000,108,2022-07-13T00:00:00.000,2022-10-28T00:00:00.000,Kembung Lelaki,46
455787,2022,Cantrang,2646000,126,2022-07-19T00:00:00.000,2022-11-21T00:00:00.000,Kembung Perempuan [RAB],126
455975,2022,Hand Line Tuna,315000,119,2022-08-08T00:00:00.000,2022-12-04T00:00:00.000,Kembung Lelaki,15
456077,2022,Cantrang,735000,126,2022-08-08T00:00:00.000,2022-12-11T00:00:00.000,Kembung Lelaki,35
456106,2022,Cantrang,157158000,103,2022-09-02T00:00:00.000,2022-12-13T00:00:00.000,Kembung Perempuan [RAB],8731
456357,2022,Cantrang,359100,92,2021-10-04T00:00:00.000,2022-01-03T00:00:00.000,Kembung Lelaki,21
456824,2022,Cantrang,10892700,115,2021-09-28T00:00:00.000,2022-01-20T00:00:00.000,Kembung Lelaki,637
457714,2022,Bouke ami,759500,99,2021-11-20T00:00:00.000,2022-02-26T00:00:00.000,Kembung Lelaki,62
457786,2022,Jaring Tarik Berkantong,415800,106,2021-11-19T00:00:00.000,2022-03-04T00:00:00.000,Kembung Lelaki,18
459303,2022,Bouke ami,836360,135,2021-12-02T00:00:00.000,2022-04-15T00:00:00.000,Kembung Lelaki,58
461306,2022,Cantrang,903000,121,2022-02-09T00:00:00.000,2022-06-09T00:00:00.000,Kembung Lelaki,43
461436,2022,Bagan perahu,1533000,122,2022-02-11T00:00:00.000,2022-06-12T00:00:00.000,Kembung Lelaki,73
463075,2022,Pukat cincin Pelagis Kecil dengan satu kapal,1974000,118,2022-03-22T00:00:00.000,2022-07-17T00:00:00.000,Kembung Lelaki,94
463679,2022,Rawai Tuna,35280000,108,2022-04-09T00:00:00.000,2022-07-25T00:00:00.000,Kembung Lelaki,1680
463886,2022,Pukat cincin Pelagis Kecil dengan satu kapal,2100000,114,2022-04-13T00:00:00.000,2022-08-04T00:00:00.000,Kembung Lelaki,100
463955,2022,Jala jatuh berkapal,2121000,109,2022-04-20T00:00:00.000,2022-08-06T00:00:00.000,Kembung Lelaki,101
464067,2022,Pukat cincin Pelagis Kecil dengan satu kapal,12096000,111,2022-04-19T00:00:00.000,2022-08-07T00:00:00.000,Kembung Lelaki,576
465990,2022,Jala jatuh berkapal,1530000,99,2022-06-13T00:00:00.000,2022-09-19T00:00:00.000,Kembung Lelaki,85
467029,2022,Pukat cincin Pelagis Kecil dengan satu kapal,6984000,115,2022-06-23T00:00:00.000,2022-10-15T00:00:00.000,Kembung Lelaki,388
467079,2022,Pukat cincin Pelagis Kecil dengan satu kapal,2214000,114,2022-06-27T00:00:00.000,2022-10-18T00:00:00.000,Kembung Lelaki,123
467665,2022,Jaring Tarik Berkantong,8370000,123,2022-07-01T00:00:00.000,2022-10-31T00:00:00.000,Kembung Lelaki,465
467788,2022,Jala jatuh berkapal,20556000,112,2022-07-14T00:00:00.000,2022-11-02T00:00:00.000,Kembung Lelaki,1142
467980,2022,Jaring Tarik Berkantong,630000,108,2022-07-23T00:00:00.000,2022-11-07T00:00:00.000,Kembung Perempuan [RAB],30
468552,2022,Pukat cincin Pelagis Kecil dengan satu kapal,2730000,130,2022-07-20T00:00:00.000,2022-11-26T00:00:00.000,Kembung Perempuan [RAB],130
468578,2022,Jala jatuh berkapal,4914000,130,2022-07-20T00:00:00.000,2022-11-26T00:00:00.000,Kembung Lelaki,273
469006,2022,Rawai Tuna,504000,153,2022-07-06T00:00:00.000,2022-12-05T00:00:00.000,Kembung Perempuan [RAB],28
469082,2022,Rawai Tuna,7014000,100,2022-08-29T00:00:00.000,2022-12-06T00:00:00.000,Kembung Lelaki,334
469328,2022,Jala jatuh berkapal,2100000,131,2022-08-03T00:00:00.000,2022-12-11T00:00:00.000,Kembung Lelaki,100
469453,2022,Rawai dasar,540000,108,2022-08-29T00:00:00.000,2022-12-14T00:00:00.000,Kembung Perempuan [RAB],30
469459,2022,Jaring Tarik Berkantong,1281000,120,2022-08-06T00:00:00.000,2022-12-03T00:00:00.000,Kembung Lelaki,61
469469,2022,Jala jatuh berkapal,4431000,108,2022-08-29T00:00:00.000,2022-12-14T00:00:00.000,Kembung Lelaki,211
469576,2022,Rawai Tuna,2520000,115,2022-08-23T00:00:00.000,2022-12-15T00:00:00.000,Kembung Lelaki,120
469992,2022,Rawai dasar,987000,122,2022-08-24T00:00:00.000,2022-12-23T00:00:00.000,Kembung Lelaki,47
470306,2022,Rawai Tuna,533540,106,2021-12-22T00:00:00.000,2022-04-06T00:00:00.000,Kembung Lelaki,37
470339,2022,Pancing Cumi,1116000,109,2022-05-23T00:00:00.000,2022-09-08T00:00:00.000,Kembung Lelaki,62
470410,2022,Jala jatuh berkapal,693000,112,2021-11-23T00:00:00.000,2022-03-14T00:00:00.000,Kembung Lelaki,30
470430,2022,Rawai Tuna,254100,112,2021-12-09T00:00:00.000,2022-03-30T00:00:00.000,Kembung Lelaki,11
470501,2022,Bouke ami,3108000,119,2022-08-30T00:00:00.000,2022-12-26T00:00:00.000,Kembung Lelaki,148
470673,2022,Pukat cincin Pelagis Kecil dengan satu kapal,1386000,103,2022-07-26T00:00:00.000,2022-11-05T00:00:00.000,Kembung Lelaki,77
470915,2022,Jala jatuh berkapal,11838820,121,2022-01-26T00:00:00.000,2022-05-26T00:00:00.000,Kembung Lelaki,821
470968,2022,Jala jatuh berkapal,786600,98,2021-10-09T00:00:00.000,2022-01-14T00:00:00.000,Kembung Lelaki,46
471200,2022,Jala jatuh berkapal,1915200,97,2021-10-23T00:00:00.000,2022-01-27T00:00:00.000,Kembung Lelaki,112
471266,2022,Rawai Tuna,6344800,108,2021-12-15T00:00:00.000,2022-04-01T00:00:00.000,Kembung Lelaki,440
471326,2022,Jala jatuh berkapal,399000,118,2022-03-12T00:00:00.000,2022-07-07T00:00:00.000,Kembung Lelaki,19
471457,2022,Pukat cincin Pelagis Kecil dengan satu kapal,1026000,121,2022-07-19T00:00:00.000,2022-11-16T00:00:00.000,Kembung Lelaki,57
471594,2022,Jala jatuh berkapal,30867200,122,2022-03-05T00:00:00.000,2022-07-04T00:00:00.000,Kembung Lelaki,1378
472010,2022,Pukat cincin Pelagis Kecil dengan satu kapal,17367000,131,2022-07-23T00:00:00.000,2022-11-30T00:00:00.000,Kembung Lelaki,827
472212,2022,Jala jatuh berkapal,630000,60,2022-09-12T00:00:00.000,2022-11-10T00:00:00.000,Kembung Lelaki,35
472306,2022,Jaring Tarik Berkantong,342000,106,2021-09-27T00:00:00.000,2022-01-10T00:00:00.000,Kembung Lelaki,20
472310,2022,Jaring Tarik Berkantong,1060200,95,2021-10-08T00:00:00.000,2022-01-10T00:00:00.000,Kembung Lelaki,62
472862,2022,Jala jatuh berkapal,12089700,107,2021-09-27T00:00:00.000,2022-01-11T00:00:00.000,Kembung Lelaki,707
472915,2022,Pukat cincin Pelagis Kecil dengan satu kapal,2331000,116,2022-02-12T00:00:00.000,2022-06-07T00:00:00.000,Kembung Lelaki,111
472929,2022,Jala jatuh berkapal,2667000,112,2022-03-05T00:00:00.000,2022-06-24T00:00:00.000,Kembung Lelaki,127
473034,2022,Rawai Tuna,1404000,121,2022-06-20T00:00:00.000,2022-10-18T00:00:00.000,Kembung Lelaki,78
473328,2022,Pukat cincin Pelagis Kecil dengan satu kapal,7398000,100,2022-07-26T00:00:00.000,2022-11-02T00:00:00.000,Kembung Lelaki,411
473354,2022,Pukat cincin Pelagis Kecil dengan satu kapal,5565000,126,2022-08-20T00:00:00.000,2022-12-23T00:00:00.000,Kembung Lelaki,265
473548,2022,Jaring Tarik Berkantong,102600,98,2021-10-12T00:00:00.000,2022-01-17T00:00:00.000,Kembung Lelaki,6
473562,2022,Jaring Tarik Berkantong,889200,100,2021-10-11T00:00:00.000,2022-01-18T00:00:00.000,Kembung Lelaki,52
473586,2022,Rawai Tuna,374920,91,2022-02-17T00:00:00.000,2022-05-18T00:00:00.000,Kembung Lelaki,26
473727,2022,Jaring Tarik Berkantong,256500,113,2021-09-13T00:00:00.000,2022-01-03T00:00:00.000,Kembung Perempuan [RAB],15
473728,2022,Jaring Tarik Berkantong,290700,113,2021-09-13T00:00:00.000,2022-01-03T00:00:00.000,Kembung Lelaki,17
473777,2022,Jaring Tarik Berkantong,2877000,120,2022-02-04T00:00:00.000,2022-06-03T00:00:00.000,Kembung Lelaki,137
473864,2022,Jaring Tarik Berkantong,5850000,143,2022-06-08T00:00:00.000,2022-10-28T00:00:00.000,Kembung Lelaki,325
473949,2022,Jaring Tarik Berkantong,1539000,94,2021-10-05T00:00:00.000,2022-01-06T00:00:00.000,Kembung Lelaki,90
473981,2022,Jaring Tarik Berkantong,5892250,80,2021-11-24T00:00:00.000,2022-02-11T00:00:00.000,Kembung Lelaki,481
474055,2022,Jaring Tarik Berkantong,1225700,104,2022-02-10T00:00:00.000,2022-05-24T00:00:00.000,Kembung Lelaki,85
474251,2022,Jala jatuh berkapal,43506000,114,2022-06-25T00:00:00.000,2022-10-16T00:00:00.000,Kembung Lelaki,2417
474381,2022,Hand Line Tuna,5733000,125,2022-08-03T00:00:00.000,2022-12-05T00:00:00.000,Kembung Lelaki,273
474477,2022,Jala jatuh berkapal,415800,114,2021-11-22T00:00:00.000,2022-03-15T00:00:00.000,Kembung Lelaki,18
474497,2022,Pukat cincin Pelagis Kecil dengan satu kapal,115500,138,2021-11-13T00:00:00.000,2022-03-30T00:00:00.000,Kembung Lelaki,5
474602,2022,Rawai Tuna,5955460,125,2022-01-08T00:00:00.000,2022-05-12T00:00:00.000,Kembung Lelaki,413
474641,2022,Pukat cincin Pelagis Kecil dengan satu kapal,1365000,103,2022-03-14T00:00:00.000,2022-06-24T00:00:00.000,Kembung Lelaki,65
474672,2022,Pukat cincin Pelagis Kecil dengan satu kapal,987000,120,2022-03-08T00:00:00.000,2022-07-05T00:00:00.000,Kembung Lelaki,47
474728,2022,Jaring liong bun,1722000,112,2022-04-04T00:00:00.000,2022-07-24T00:00:00.000,Kembung Lelaki,82
474736,2022,Jaring liong bun,8946000,119,2022-03-31T00:00:00.000,2022-07-27T00:00:00.000,Kembung Lelaki,426
474816,2022,Rawai Tuna,5580000,104,2022-05-31T00:00:00.000,2022-09-11T00:00:00.000,Kembung Lelaki,310
474832,2022,Jaring Tarik Berkantong,16002000,114,2022-05-18T00:00:00.000,2022-09-08T00:00:00.000,Kembung Lelaki,889
474961,2022,Jaring Tarik Berkantong,21690000,123,2022-07-13T00:00:00.000,2022-11-12T00:00:00.000,Kembung Lelaki,1205
475186,2022,Jaring Tarik Berkantong,1201200,121,2021-11-03T00:00:00.000,2022-03-03T00:00:00.000,Kembung Lelaki,52
475188,2022,Jaring Tarik Berkantong,3049200,107,2021-11-18T00:00:00.000,2022-03-04T00:00:00.000,Kembung Lelaki,132
475451,2022,Jala jatuh berkapal,3402000,123,2022-03-25T00:00:00.000,2022-07-25T00:00:00.000,Kembung Lelaki,162
475620,2022,Jaring Tarik Berkantong,7959000,120,2022-06-08T00:00:00.000,2022-10-05T00:00:00.000,Kembung Perempuan [RAB],379
475817,2022,Jaring Tarik Berkantong,4734000,97,2022-07-22T00:00:00.000,2022-10-26T00:00:00.000,Kembung Lelaki,263
475838,2022,Jala jatuh berkapal,4734000,97,2022-07-22T00:00:00.000,2022-10-26T00:00:00.000,Kembung Lelaki,263
476009,2022,Jaring Tarik Berkantong,3150000,115,2022-08-10T00:00:00.000,2022-12-02T00:00:00.000,Kembung Lelaki,150
478152,2022,Jala jatuh berkapal,270000,101,2022-07-20T00:00:00.000,2022-10-28T00:00:00.000,Kembung Lelaki,15
478162,2022,Jala jatuh berkapal,39636000,101,2022-07-20T00:00:00.000,2022-10-28T00:00:00.000,Kembung Lelaki,2202
533419,2023,Jala jatuh berkapal,10284000,100,2023-05-28T00:00:00.000,2023-09-04T00:00:00.000,Kembung Lelaki,857
533433,2023,Jala jatuh berkapal,8472000,111,2023-05-09T00:00:00.000,2023-08-27T00:00:00.000,Kembung Lelaki,706
533450,2023,Pukat cincin Pelagis Kecil dengan satu kapal,7284000,1,2023-09-27T00:00:00.000,2023-09-27T00:00:00.000,Kembung Perempuan [RAB],607
533479,2023,Jala jatuh berkapal,5484000,124,2022-10-07T00:00:00.000,2023-02-08T00:00:00.000,Kembung Lelaki,457
533573,2023,Jala jatuh berkapal,3614000,147,2023-06-22T00:00:00.000,2023-11-15T00:00:00.000,Kembung Lelaki,278
533806,2023,Jala jatuh berkapal,1344000,115,2022-10-19T00:00:00.000,2023-02-11T00:00:00.000,Kembung Lelaki,112
533849,2023,Bouke ami,1116000,141,2023-01-12T00:00:00.000,2023-06-01T00:00:00.000,Kembung Perempuan [RAB],93
534036,2023,Jala jatuh berkapal,564000,120,2023-03-21T00:00:00.000,2023-07-18T00:00:00.000,Kembung Lelaki,47
534037,2023,Jala jatuh berkapal,564000,120,2023-03-20T00:00:00.000,2023-07-18T00:00:00.000,Kembung Perempuan [RAB],47
534135,2023,Bouke ami,693000,113,2022-10-07T00:00:00.000,2023-01-27T00:00:00.000,Kembung Lelaki,33
534228,2023,Jala jatuh berkapal,312000,1,2023-12-21T00:00:00.000,2023-12-21T00:00:00.000,Kembung Lelaki,24
534253,2023,Jala jatuh berkapal,286000,1,2023-12-29T00:00:00.000,2023-12-29T00:00:00.000,Kembung Lelaki,22
534254,2023,Bouke ami,441000,133,2022-09-14T00:00:00.000,2023-01-24T00:00:00.000,Kembung Lelaki,21
534265,2023,Jala jatuh berkapal,252000,109,2023-05-13T00:00:00.000,2023-08-29T00:00:00.000,Kembung Lelaki,21
534267,2023,Bouke ami,252000,1,2023-10-24T00:00:00.000,2023-10-24T00:00:00.000,Kembung Lelaki,21
534298,2023,Bouke ami,228000,137,2023-02-07T00:00:00.000,2023-06-23T00:00:00.000,Kembung Perempuan [RAB],19
534380,2023,Jala jatuh berkapal,195000,1,2023-12-29T00:00:00.000,2023-12-29T00:00:00.000,Kembung Lelaki,15
534440,2023,Jala jatuh berkapal,156000,126,2023-08-26T00:00:00.000,2023-12-29T00:00:00.000,Kembung Lelaki,12
